CustomerID,Age,Gender,Annual Income,Years with Company,Number of Support Calls,Monthly Charges,Churn
1,56,Male,125186,19,9,73,No
2,69,Male,54674,3,2,180,Yes
3,46,Female,55854,8,4,197,No
4,32,Male,66271,2,4,185,Yes
5,60,Female,93688,8,3,174,No
6,25,Female,58518,13,0,34,Yes
7,38,Male,131076,13,4,80,No
8,56,Female,30267,1,9,141,No
9,36,Male,110825,6,4,40,No
10,40,Female,21062,19,3,65,No
11,28,Female,136664,16,5,153,No
12,28,Female,70448,8,9,57,Yes
13,41,Male,115462,1,3,81,Yes
14,53,Male,26229,16,6,105,No
15,57,Male,76793,9,6,97,Yes
16,41,Male,134813,13,1,65,Yes
17,20,Male,67915,11,2,160,Yes
18,39,Female,24632,13,0,22,No
19,19,Female,124592,10,7,25,Yes
20,41,Female,23596,4,8,112,Yes
21,61,Female,129779,6,3,27,No
22,47,Female,26168,7,5,191,No
23,55,Male,128099,5,8,127,No
24,19,Male,27561,11,5,180,No
25,38,Male,93794,13,8,94,Yes
26,50,Female,102152,19,3,96,Yes
27,29,Female,145036,10,7,69,Yes
28,39,Female,144049,10,8,30,No
29,61,Male,46734,11,3,114,No
30,42,Male,26371,7,4,175,Yes
31,66,Male,138894,18,7,89,No
32,44,Female,46069,4,9,188,No
33,59,Female,99905,2,5,35,Yes
34,45,Male,32910,14,6,87,Yes
35,33,Female,93479,13,2,118,Yes
36,32,Female,97735,12,6,67,No
37,64,Male,101264,7,7,83,Yes
38,68,Male,43275,2,9,109,Yes
39,61,Female,92274,13,5,95,Yes
40,69,Female,101449,14,9,158,No
41,20,Female,120776,17,8,120,No
42,54,Male,80004,9,5,108,Yes
43,68,Female,82981,17,8,37,Yes
44,24,Male,104659,8,3,38,Yes
45,38,Female,74553,2,7,74,Yes
46,26,Male,68447,13,3,121,No
47,56,Female,54529,3,1,137,No
48,35,Male,146394,16,9,173,Yes
49,21,Male,95703,6,8,153,Yes
50,42,Female,96090,19,4,23,No
51,31,Female,37260,7,3,127,Yes
52,67,Male,132581,10,1,134,Yes
53,26,Male,23812,9,0,48,No
54,43,Male,48024,2,6,78,No
55,19,Female,78656,15,5,144,Yes
56,37,Female,136148,5,1,117,No
57,45,Female,47285,4,7,36,Yes
58,64,Male,112436,4,3,126,No
59,24,Female,136421,18,7,62,No
60,61,Male,21605,4,6,99,No
61,25,Male,91158,17,4,181,No
62,64,Male,92303,12,9,27,Yes
63,52,Male,47139,17,9,160,No
64,31,Female,97149,10,7,125,Yes
65,34,Male,76138,1,8,27,No
66,53,Female,138205,18,4,115,Yes
67,67,Male,96125,18,9,113,Yes
68,57,Male,33918,14,4,84,No
69,21,Female,105655,15,1,190,Yes
70,19,Male,47446,12,4,58,Yes
71,23,Female,144040,4,2,100,Yes
72,59,Male,33046,3,6,103,Yes
73,21,Female,149922,12,9,107,No
74,46,Male,44818,7,4,105,Yes
75,35,Female,120894,11,7,112,No
76,43,Female,135751,1,0,105,No
77,61,Female,24324,6,2,63,Yes
78,51,Male,96323,15,2,156,No
79,27,Male,29111,15,8,184,No
80,53,Female,58110,19,4,93,No
81,31,Male,36389,11,8,55,No
82,48,Female,142177,2,8,120,No
83,65,Male,61427,14,0,175,No
84,32,Male,99579,2,1,189,No
85,25,Male,48746,4,4,190,No
86,31,Male,142883,17,3,189,No
87,40,Male,107886,3,9,123,No
88,57,Male,127141,13,8,85,No
89,38,Female,20117,9,6,74,Yes
90,33,Female,145808,7,5,195,No
91,62,Male,132221,15,6,110,Yes
92,35,Female,104471,11,0,41,No
93,64,Male,132613,2,0,120,Yes
94,41,Male,33234,15,7,174,No
95,43,Male,149597,14,1,140,Yes
96,42,Male,123864,11,9,112,Yes
97,62,Male,73441,3,8,127,No
98,58,Female,20846,17,6,160,No
99,46,Male,30954,12,5,192,Yes
100,32,Female,99239,15,0,29,Yes
101,62,Male,133689,16,0,28,Yes
102,18,Male,66514,5,1,174,No
103,42,Male,108236,6,5,53,No
104,24,Male,117579,19,5,148,Yes
105,26,Male,148644,5,1,179,Yes
106,41,Female,26469,3,0,108,No
107,18,Female,50105,1,9,112,Yes
108,61,Female,62101,6,4,90,Yes
109,25,Female,84323,15,4,86,No
110,41,Female,111922,2,1,167,No
111,28,Female,78067,3,5,136,No
112,68,Female,69376,17,8,113,Yes
113,34,Male,65587,12,1,182,No
114,25,Male,56976,18,9,118,No
115,52,Female,124587,15,1,132,No
116,52,Female,147534,12,2,122,Yes
117,50,Male,87584,16,6,110,Yes
118,22,Female,124537,8,5,109,Yes
119,59,Female,98477,14,7,36,No
120,56,Female,130911,17,7,37,Yes
121,58,Female,62533,8,5,192,No
122,45,Male,21828,15,9,135,Yes
123,24,Male,21917,14,2,112,No
124,26,Female,40618,18,2,110,Yes
125,25,Male,52254,7,0,101,Yes
126,29,Male,125292,3,6,87,Yes
127,51,Male,136714,12,4,133,Yes
128,50,Female,67362,3,3,20,Yes
129,65,Male,40128,14,9,77,No
130,40,Male,143781,15,3,173,Yes
131,41,Male,131281,14,3,128,No
132,54,Female,79383,7,5,167,Yes
133,52,Female,85545,17,7,135,Yes
134,61,Male,102180,12,7,106,Yes
135,57,Female,107958,4,4,29,Yes
136,39,Male,29865,9,5,78,Yes
137,44,Female,22219,6,3,60,No
138,52,Female,59809,16,8,124,No
139,18,Male,136748,2,7,152,Yes
140,52,Female,25287,8,9,141,Yes
141,54,Male,146593,11,9,164,No
142,64,Female,54387,13,0,41,No
143,31,Male,28512,17,1,117,Yes
144,20,Male,21342,8,8,188,Yes
145,18,Female,83076,18,7,87,No
146,22,Male,128872,18,2,158,No
147,43,Male,39216,14,7,75,Yes
148,31,Female,137512,15,0,198,Yes
149,56,Female,136682,6,9,168,Yes
150,44,Male,113070,11,3,118,Yes
151,26,Female,99767,13,2,95,No
152,32,Male,117829,1,5,45,No
153,32,Male,46614,6,6,134,Yes
154,43,Female,56258,9,3,166,Yes
155,59,Female,113789,8,6,128,Yes
156,30,Female,62078,11,8,66,Yes
157,68,Male,126288,19,1,90,No
158,49,Female,103524,9,2,173,Yes
159,56,Male,116573,17,4,59,No
160,66,Female,32219,12,2,152,Yes
161,69,Male,20235,14,7,168,Yes
162,49,Male,62929,15,9,151,Yes
163,21,Female,147309,16,7,42,No
164,47,Male,87444,1,7,125,No
165,54,Male,28567,10,8,103,Yes
166,40,Female,121834,8,3,162,Yes
167,56,Male,90792,18,4,135,No
168,62,Male,85441,1,4,128,No
169,32,Female,104555,2,7,155,Yes
170,60,Female,93698,1,6,60,No
171,46,Female,144450,1,8,131,Yes
172,53,Male,137248,9,7,166,No
173,30,Male,25415,13,1,131,Yes
174,49,Female,56159,1,9,122,No
175,24,Male,63925,13,3,65,Yes
176,68,Female,146523,7,5,175,No
177,39,Male,25951,2,1,87,Yes
178,45,Female,107388,6,6,141,No
179,19,Male,28007,7,2,34,No
180,59,Female,146730,14,2,184,Yes
181,62,Female,61832,18,1,148,Yes
182,23,Male,78596,15,7,130,Yes
183,45,Male,141101,2,5,43,Yes
184,45,Male,50523,10,0,46,No
185,61,Female,108861,12,0,59,No
186,61,Male,144194,17,6,183,Yes
187,37,Male,106740,8,7,43,Yes
188,47,Female,35524,11,4,43,Yes
189,28,Male,149028,3,4,23,No
190,45,Male,39282,6,3,86,No
191,42,Female,43930,9,5,53,Yes
192,56,Female,20077,6,5,196,No
193,50,Male,125881,9,2,135,Yes
194,18,Female,145501,7,8,42,Yes
195,44,Male,40611,9,6,128,No
196,69,Male,36984,18,0,88,No
197,30,Female,34060,12,6,114,No
198,58,Female,102985,8,4,81,No
199,20,Male,104056,8,4,188,Yes
200,56,Male,145329,18,1,76,No
201,23,Female,63303,15,3,73,Yes
202,25,Male,79207,7,5,89,Yes
203,44,Male,95046,11,9,120,No
204,26,Female,49287,16,6,76,No
205,54,Female,113709,4,4,157,No
206,50,Female,59711,6,8,187,No
207,68,Male,31954,3,2,154,Yes
208,59,Male,93340,9,0,122,Yes
209,61,Female,92101,10,3,185,Yes
210,41,Male,91520,14,8,104,No
211,32,Male,107062,11,3,80,Yes
212,49,Female,122974,18,1,22,No
213,49,Female,38574,12,9,147,No
214,41,Male,29184,12,4,198,Yes
215,58,Female,39096,13,2,105,No
216,69,Female,87728,13,8,66,Yes
217,66,Male,54016,19,3,95,Yes
218,66,Male,31246,19,5,57,Yes
219,69,Male,65558,14,1,183,No
220,29,Male,138721,4,5,188,Yes
221,56,Male,38381,13,2,160,Yes
222,19,Male,147796,8,8,106,No
223,20,Male,56455,19,1,77,Yes
224,66,Male,112263,12,8,69,No
225,54,Female,24018,18,4,49,No
226,66,Male,31302,6,7,120,Yes
227,34,Female,87506,18,1,44,Yes
228,66,Male,61157,19,5,131,No
229,19,Female,74917,5,2,174,Yes
230,19,Female,112738,9,9,198,Yes
231,45,Male,116646,3,4,145,Yes
232,40,Male,103122,10,7,142,Yes
233,54,Female,44519,19,9,66,No
234,49,Male,116809,3,0,137,Yes
235,50,Male,107487,15,4,58,No
236,18,Female,76819,1,2,35,No
237,36,Female,100910,7,3,41,Yes
238,19,Female,140430,12,1,73,No
239,61,Male,91324,17,8,168,Yes
240,43,Female,25408,5,2,35,No
241,49,Male,79379,4,1,78,Yes
242,23,Male,45053,12,9,50,Yes
243,49,Female,29446,18,8,189,Yes
244,21,Female,20922,17,6,51,No
245,28,Female,118723,19,5,181,No
246,34,Female,71356,9,0,28,No
247,55,Female,30789,4,4,158,Yes
248,41,Female,117720,2,2,29,Yes
249,22,Female,86656,4,0,36,No
250,69,Female,64028,2,3,87,No
251,51,Female,84484,15,1,67,No
252,23,Female,52154,2,1,199,No
253,39,Male,102870,4,2,130,No
254,28,Female,22336,6,7,172,No
255,65,Female,123677,7,7,142,Yes
256,33,Female,87779,10,6,168,Yes
257,50,Male,39029,19,5,120,Yes
258,26,Male,79201,19,8,121,No
259,23,Female,52265,12,3,84,No
260,33,Male,122916,3,0,70,Yes
261,46,Male,132250,13,7,55,No
262,20,Female,136553,18,6,100,Yes
263,37,Female,63872,8,6,146,No
264,53,Male,66197,15,2,107,No
265,36,Male,145733,1,3,123,Yes
266,43,Male,75180,3,9,34,No
267,20,Male,43710,8,8,115,Yes
268,36,Male,49486,4,5,186,Yes
269,37,Male,91907,16,4,142,Yes
270,49,Female,148876,10,2,20,No
271,24,Male,91895,12,8,170,No
272,69,Male,84435,14,4,141,Yes
273,58,Female,60631,14,4,186,No
274,50,Female,149038,2,3,145,Yes
275,57,Male,121532,5,3,76,No
276,56,Female,40103,5,0,100,No
277,35,Male,84772,6,6,181,Yes
278,57,Male,146108,13,8,188,No
279,18,Male,34382,9,2,92,No
280,28,Male,104291,15,1,160,Yes
281,45,Female,121195,14,2,89,No
282,42,Female,23756,7,0,25,Yes
283,67,Male,40609,2,5,103,No
284,40,Female,134074,7,6,71,Yes
285,48,Female,36478,6,1,22,No
286,47,Female,120978,17,7,100,Yes
287,59,Female,59666,2,5,82,Yes
288,52,Male,95683,3,3,68,No
289,24,Female,119097,5,4,95,No
290,33,Female,144714,5,7,131,No
291,43,Female,120420,1,2,194,No
292,65,Female,91315,8,2,128,Yes
293,69,Female,97834,12,3,84,Yes
294,66,Female,146205,4,0,100,Yes
295,19,Male,34153,13,8,34,No
296,18,Male,129415,15,7,119,Yes
297,65,Male,96325,11,7,51,Yes
298,29,Male,129701,10,9,115,Yes
299,22,Male,32999,3,5,147,Yes
300,54,Male,75318,14,6,165,Yes
301,49,Male,20814,16,5,132,Yes
302,26,Female,135033,10,8,102,Yes
303,58,Female,96077,10,2,62,No
304,52,Female,110474,12,2,135,Yes
305,36,Female,22443,9,2,182,No
306,65,Male,95993,1,9,97,Yes
307,33,Male,95916,5,2,77,No
308,20,Male,93319,8,8,52,No
309,37,Female,145885,11,3,33,No
310,41,Male,129777,12,6,181,No
311,50,Female,37368,1,8,151,No
312,41,Female,35328,11,6,78,No
313,69,Male,76942,5,8,176,No
314,28,Female,111751,15,2,102,No
315,66,Male,119131,5,3,153,No
316,25,Male,47306,12,7,140,No
317,53,Female,105451,5,5,196,No
318,55,Male,59915,17,4,187,No
319,57,Female,57219,17,3,102,Yes
320,37,Female,100879,12,7,46,Yes
321,52,Male,131939,15,0,99,Yes
322,65,Female,84644,15,8,153,Yes
323,42,Male,80279,6,0,32,No
324,52,Female,73028,12,7,83,Yes
325,42,Female,124263,18,3,166,Yes
326,46,Female,20126,14,8,99,Yes
327,35,Male,72329,2,4,142,No
328,63,Female,47632,9,2,62,Yes
329,35,Female,127099,5,8,108,No
330,19,Male,85310,1,8,167,No
331,52,Female,129945,3,3,114,No
332,33,Female,75176,6,3,191,No
333,58,Female,139797,5,7,170,Yes
334,53,Male,106066,5,1,21,Yes
335,50,Female,125500,1,8,139,Yes
336,21,Male,146413,17,5,41,Yes
337,50,Female,64327,19,8,134,No
338,31,Male,88904,14,7,76,Yes
339,38,Male,23797,12,6,91,Yes
340,65,Male,67882,10,0,26,No
341,37,Male,33718,18,2,138,No
342,25,Female,54560,11,1,133,Yes
343,24,Male,96589,2,4,35,No
344,20,Female,42116,18,4,102,Yes
345,34,Male,56244,7,4,198,No
346,50,Female,121721,15,3,91,Yes
347,65,Female,21645,11,4,143,No
348,29,Male,67523,18,2,132,No
349,68,Female,144085,12,0,31,No
350,39,Male,137718,6,4,145,Yes
351,39,Male,39256,13,8,72,Yes
352,63,Female,121376,16,8,94,Yes
353,47,Female,120158,18,3,152,No
354,55,Male,73173,10,2,46,Yes
355,55,Male,57430,8,0,159,Yes
356,62,Female,59282,18,1,164,No
357,68,Female,139719,1,7,153,Yes
358,25,Female,83374,8,0,116,No
359,44,Female,88244,6,7,24,Yes
360,44,Male,31694,5,6,76,Yes
361,51,Male,76264,15,7,175,No
362,38,Male,95060,15,5,97,No
363,47,Male,117416,2,8,88,No
364,50,Male,77545,1,2,137,Yes
365,45,Male,138195,11,9,139,Yes
366,64,Male,59224,10,3,78,No
367,50,Female,122516,18,5,52,Yes
368,22,Female,117945,18,7,81,Yes
369,65,Male,33224,17,4,69,No
370,36,Female,60738,8,2,131,No
371,21,Female,45150,15,5,38,No
372,52,Male,83731,8,3,142,Yes
373,66,Female,69688,17,8,66,Yes
374,34,Female,119929,12,2,186,No
375,61,Female,128618,8,3,52,No
376,45,Female,93509,14,6,160,No
377,47,Male,28577,4,6,103,Yes
378,46,Female,28070,1,3,154,No
379,63,Male,146161,1,5,98,No
380,23,Female,28666,19,2,33,Yes
381,52,Male,77761,16,5,166,No
382,58,Male,141178,14,1,147,No
383,54,Male,56368,16,7,73,No
384,41,Male,26783,5,1,167,No
385,46,Female,131530,9,6,48,Yes
386,66,Male,61914,2,8,43,No
387,63,Female,90507,18,0,101,Yes
388,48,Male,147738,6,7,82,Yes
389,52,Female,99026,9,6,124,Yes
390,50,Male,135893,1,5,76,No
391,69,Female,131255,9,5,155,No
392,38,Male,130616,16,5,81,No
393,49,Male,87526,13,8,176,Yes
394,40,Male,90835,9,1,36,No
395,50,Male,65765,13,0,85,Yes
396,20,Female,39956,9,5,25,Yes
397,35,Female,107895,11,9,77,Yes
398,42,Male,66240,4,7,88,No
399,59,Male,141008,2,2,175,No
400,48,Female,57148,6,9,81,No
401,20,Female,114270,14,0,188,Yes
402,57,Male,147978,4,8,101,No
403,63,Male,24757,6,0,188,Yes
404,41,Male,39097,19,2,196,No
405,67,Female,30395,6,7,196,No
406,49,Male,36241,2,2,90,No
407,64,Female,123892,18,3,150,Yes
408,39,Female,47696,13,7,29,Yes
409,40,Male,135654,9,0,117,Yes
410,19,Female,90480,19,5,108,No
411,44,Male,66163,13,0,54,No
412,59,Male,39816,11,0,21,No
413,19,Female,69840,1,7,143,No
414,43,Male,122547,7,3,43,No
415,34,Female,72853,15,0,93,Yes
416,57,Female,44917,1,9,185,No
417,50,Male,116731,12,6,41,Yes
418,26,Male,41566,7,4,173,No
419,60,Female,95452,15,4,190,Yes
420,65,Female,82823,19,0,58,No
421,56,Male,141392,1,9,176,No
422,46,Female,40806,17,5,39,Yes
423,59,Male,95520,17,8,60,No
424,43,Female,21759,3,8,167,Yes
425,52,Male,146092,12,7,127,No
426,67,Male,61949,6,4,166,Yes
427,42,Female,112374,11,0,103,Yes
428,41,Male,22482,3,8,130,No
429,30,Male,44442,8,0,85,Yes
430,24,Male,53719,14,7,177,Yes
431,53,Male,78066,14,4,72,Yes
432,62,Male,113501,10,2,53,No
433,37,Female,22079,2,6,169,No
434,18,Male,22717,14,6,86,No
435,25,Male,79676,9,8,153,Yes
436,63,Male,47952,3,6,46,No
437,33,Female,106444,8,2,29,Yes
438,31,Female,62460,16,0,92,No
439,29,Male,110397,2,7,115,Yes
440,68,Male,92847,6,2,67,Yes
441,40,Female,113607,12,7,89,No
442,32,Male,109106,5,7,119,Yes
443,45,Male,38449,2,4,78,Yes
444,51,Female,53536,16,0,21,Yes
445,19,Female,84077,5,9,176,No
446,49,Male,58258,15,6,84,No
447,40,Female,68302,12,9,102,Yes
448,39,Male,145937,4,4,173,No
449,68,Male,48865,15,7,29,No
450,42,Male,26645,11,8,72,Yes
451,39,Female,139771,16,6,98,Yes
452,39,Female,58000,6,6,78,Yes
453,66,Female,46737,14,0,169,No
454,69,Male,31485,18,3,198,No
455,59,Female,58565,12,1,67,Yes
456,23,Female,45522,11,1,168,Yes
457,32,Female,139614,13,1,142,No
458,60,Male,85155,11,3,41,No
459,54,Female,75168,16,0,119,Yes
460,50,Male,72487,15,3,117,No
461,25,Female,149948,15,1,177,No
462,61,Female,32342,4,4,44,Yes
463,61,Female,60806,11,2,47,No
464,22,Male,68770,19,7,132,Yes
465,56,Female,98623,15,3,64,No
466,21,Male,123177,4,0,87,Yes
467,23,Female,119785,13,0,26,No
468,62,Female,95629,19,9,68,Yes
469,49,Female,140993,2,2,156,No
470,69,Male,72603,14,8,183,No
471,47,Male,146944,4,6,102,Yes
472,64,Male,132726,16,1,148,No
473,52,Male,101974,14,8,157,Yes
474,57,Male,125947,15,9,183,No
475,69,Female,46399,3,1,92,Yes
476,33,Male,148177,8,2,65,Yes
477,30,Female,105382,16,9,125,No
478,67,Male,101244,10,1,179,Yes
479,59,Female,129575,4,2,51,No
480,47,Male,135520,18,5,25,No
481,36,Male,130904,2,8,195,Yes
482,34,Male,96534,17,8,185,Yes
483,36,Male,75106,13,6,164,Yes
484,45,Male,132599,4,2,93,Yes
485,43,Male,50678,11,3,133,No
486,54,Male,96218,7,5,46,Yes
487,43,Female,83230,12,4,73,Yes
488,40,Female,134684,10,1,197,No
489,26,Male,94055,7,5,182,No
490,29,Male,76373,13,2,104,Yes
491,18,Male,51480,7,7,146,Yes
492,18,Male,105230,17,1,172,Yes
493,64,Male,88836,10,0,175,No
494,51,Male,92258,10,8,130,No
495,49,Male,59986,4,2,34,No
496,65,Female,44160,4,0,151,No
497,42,Male,105595,7,6,112,Yes
498,57,Male,121358,1,9,142,No
499,62,Female,99111,12,4,92,No
500,18,Female,84929,13,4,174,Yes
501,33,Male,93506,10,0,173,No
502,56,Female,54911,15,8,166,No
503,22,Female,107127,13,6,111,No
504,39,Female,51821,9,7,36,Yes
505,46,Female,95039,9,8,62,No
506,20,Male,80535,15,5,140,Yes
507,29,Female,133453,10,4,60,No
508,43,Female,104458,10,5,189,No
509,33,Male,32175,8,1,197,No
510,68,Male,139235,16,3,187,Yes
511,54,Male,74771,17,2,58,Yes
512,39,Female,126660,5,6,132,Yes
513,46,Female,147157,4,8,170,Yes
514,31,Female,141300,18,4,130,No
515,45,Male,106925,19,5,199,No
516,22,Female,133374,4,9,66,Yes
517,64,Male,86358,7,1,82,Yes
518,66,Female,37327,10,2,129,Yes
519,47,Female,67057,18,2,88,No
520,63,Male,26150,19,8,62,Yes
521,69,Male,24425,4,6,195,No
522,22,Female,143654,10,7,53,Yes
523,29,Female,36032,1,9,59,No
524,33,Female,22198,18,8,80,No
525,43,Female,80500,5,5,197,No
526,43,Male,73394,15,3,81,Yes
527,65,Male,40079,17,0,77,No
528,38,Female,56220,3,7,180,Yes
529,56,Female,61874,12,6,94,No
530,53,Female,33859,2,1,35,No
531,50,Male,70460,1,7,101,No
532,47,Male,51419,17,4,113,No
533,54,Female,138865,16,6,67,Yes
534,40,Male,28705,5,3,157,Yes
535,27,Male,62880,15,4,101,No
536,22,Female,149838,3,7,57,Yes
537,53,Female,43236,7,0,146,Yes
538,51,Female,107955,11,0,38,Yes
539,69,Female,105514,10,3,183,Yes
540,48,Female,123145,9,2,82,Yes
541,27,Female,35358,14,9,96,Yes
542,36,Female,119713,13,1,193,Yes
543,49,Female,114914,2,2,150,Yes
544,18,Male,122870,3,0,121,No
545,22,Male,96918,7,0,84,Yes
546,62,Female,139179,18,5,139,Yes
547,21,Male,136243,3,4,110,Yes
548,33,Male,34596,10,7,27,Yes
549,41,Male,53572,7,1,198,Yes
550,33,Male,98757,9,3,92,Yes
551,19,Female,21279,17,7,153,Yes
552,66,Female,83197,11,5,126,No
553,45,Male,131496,7,0,108,Yes
554,49,Male,82516,14,3,58,Yes
555,44,Female,27083,19,0,132,No
556,37,Male,140674,4,1,47,No
557,41,Male,140307,6,4,116,No
558,29,Female,146457,10,7,56,Yes
559,67,Female,129397,7,7,156,Yes
560,52,Male,37771,13,2,101,Yes
561,50,Male,49975,14,3,75,No
562,50,Male,65648,4,9,104,No
563,68,Male,145641,8,5,21,No
564,60,Male,68285,5,9,77,No
565,54,Female,39063,1,2,126,Yes
566,29,Male,87642,4,1,142,No
567,20,Female,110093,3,5,187,No
568,18,Female,134390,9,4,183,No
569,50,Male,106143,8,9,133,Yes
570,57,Female,57599,1,4,126,Yes
571,27,Female,71920,6,9,56,Yes
572,60,Female,48529,9,4,98,No
573,61,Male,55954,7,9,111,Yes
574,46,Male,47856,4,4,37,No
575,30,Male,22573,13,2,117,Yes
576,29,Female,98344,17,6,82,No
577,48,Female,55367,2,5,169,No
578,63,Male,122337,5,3,158,Yes
579,19,Female,126732,12,1,23,No
580,68,Male,119608,8,8,154,Yes
581,67,Male,80774,6,0,80,Yes
582,52,Female,43752,8,3,126,No
583,40,Male,75029,18,0,73,Yes
584,34,Male,37685,3,5,107,No
585,43,Male,71693,12,3,87,Yes
586,25,Female,136739,3,4,148,No
587,46,Female,75961,6,4,74,No
588,43,Male,126937,2,8,22,No
589,27,Female,144956,12,0,185,Yes
590,43,Male,96908,2,1,140,Yes
591,51,Female,145537,6,5,148,No
592,68,Male,146678,17,4,121,Yes
593,58,Female,94532,3,6,57,Yes
594,24,Male,101994,2,2,104,No
595,21,Female,76133,8,2,176,Yes
596,67,Male,117425,12,9,152,Yes
597,62,Female,145055,4,1,111,No
598,28,Male,81268,5,2,40,Yes
599,46,Male,112201,13,9,128,Yes
600,53,Female,58243,15,0,66,No
601,42,Male,77384,16,4,103,Yes
602,38,Female,51653,10,4,102,Yes
603,53,Female,46657,16,6,54,Yes
604,27,Female,59952,12,3,88,No
605,54,Female,42180,17,2,148,No
606,26,Male,117432,16,0,159,Yes
607,41,Female,141829,12,7,46,No
608,52,Male,148377,8,2,75,No
609,66,Male,98411,3,1,42,Yes
610,52,Male,21622,16,3,172,Yes
611,65,Male,68756,13,2,40,No
612,53,Female,60809,19,0,80,Yes
613,35,Female,36725,8,2,82,Yes
614,66,Female,81396,5,1,141,No
615,56,Female,71226,8,7,71,No
616,49,Male,126296,12,5,107,No
617,41,Female,101182,1,8,172,No
618,40,Female,102565,6,7,74,No
619,49,Female,49402,18,9,65,No
620,54,Female,24263,8,2,51,No
621,29,Female,143489,7,4,74,No
622,66,Female,116523,1,6,115,Yes
623,30,Male,66828,16,4,152,No
624,40,Female,140824,12,7,55,No
625,42,Male,67924,6,4,129,Yes
626,52,Female,94182,2,0,196,Yes
627,58,Female,113065,14,4,125,Yes
628,47,Female,79052,4,3,77,No
629,34,Male,31664,1,5,58,Yes
630,66,Female,55737,18,2,99,Yes
631,37,Female,121332,13,4,116,Yes
632,65,Female,109563,2,1,132,Yes
633,42,Female,49373,9,5,80,No
634,39,Male,137369,2,5,156,No
635,30,Male,56397,9,4,25,No
636,36,Male,148575,1,5,128,No
637,66,Male,106145,11,6,54,Yes
638,53,Female,121371,3,4,58,No
639,29,Female,58709,4,0,169,No
640,58,Male,136074,18,7,188,No
641,36,Female,81120,6,3,137,Yes
642,29,Male,39250,3,8,24,No
643,26,Female,41172,11,9,189,No
644,24,Female,31555,15,5,106,Yes
645,45,Female,107410,5,0,95,No
646,31,Female,98617,10,2,177,Yes
647,48,Male,73276,12,2,76,Yes
648,69,Male,77492,15,9,146,Yes
649,36,Male,73002,17,3,48,No
650,64,Male,140103,10,5,184,No
651,33,Female,144938,6,6,106,Yes
652,22,Female,109599,18,9,160,Yes
653,52,Male,92355,13,3,179,Yes
654,29,Female,111248,3,5,65,No
655,42,Male,44762,10,0,135,Yes
656,69,Female,31046,14,7,131,No
657,38,Male,116999,6,6,170,No
658,53,Male,144130,3,8,64,Yes
659,40,Male,136021,16,2,164,No
660,33,Female,48769,7,1,123,No
661,56,Male,73302,14,0,104,Yes
662,62,Female,43150,9,2,153,Yes
663,59,Male,88247,15,4,127,No
664,56,Female,24853,3,1,37,Yes
665,31,Female,114613,2,2,113,No
666,48,Female,140900,2,3,169,Yes
667,22,Female,109399,3,6,52,No
668,52,Female,41792,18,2,177,Yes
669,40,Female,79129,14,8,145,Yes
670,46,Female,126019,18,7,179,No
671,60,Female,94478,10,3,189,No
672,28,Male,133811,2,0,141,No
673,35,Female,134130,1,0,157,Yes
674,64,Male,87298,4,0,134,Yes
675,29,Male,51987,14,0,183,Yes
676,26,Female,35850,1,7,181,Yes
677,27,Male,32112,14,2,47,Yes
678,61,Female,141789,16,5,30,Yes
679,34,Female,44058,14,2,186,Yes
680,55,Male,65420,3,4,66,No
681,24,Female,58890,3,6,146,No
682,63,Male,86017,9,1,166,No
683,30,Male,67304,6,5,137,No
684,57,Male,52921,13,5,162,Yes
685,59,Female,125921,2,2,145,No
686,26,Male,21524,8,5,175,No
687,67,Female,120424,2,9,171,Yes
688,44,Male,35048,4,9,91,Yes
689,19,Female,55111,15,4,126,No
690,22,Female,57904,4,1,156,Yes
691,46,Male,74912,13,8,194,No
692,54,Male,54008,12,7,52,No
693,55,Female,20060,13,2,38,No
694,36,Male,94666,14,7,93,No
695,25,Male,103559,18,8,187,No
696,65,Female,75337,6,2,194,No
697,62,Male,130616,11,2,176,No
698,18,Male,33350,2,1,197,Yes
699,39,Female,44354,19,7,117,No
700,69,Male,65186,19,9,160,Yes
701,34,Female,48145,5,0,148,No
702,24,Female,54020,19,7,181,Yes
703,42,Male,106123,2,6,112,Yes
704,62,Male,126667,10,6,195,Yes
705,21,Male,95186,2,2,67,No
706,53,Female,105469,11,0,196,No
707,23,Female,40581,18,3,83,No
708,48,Male,108929,15,8,80,No
709,36,Male,43051,9,4,176,No
710,61,Female,71474,19,0,58,No
711,56,Female,111748,9,4,147,No
712,44,Male,145995,3,7,107,No
713,27,Female,134618,9,7,45,Yes
714,43,Female,89626,14,4,36,Yes
715,36,Male,26960,19,8,90,No
716,56,Male,55772,7,0,32,Yes
717,20,Female,41520,16,3,88,No
718,62,Male,69481,16,2,45,No
719,30,Female,56408,1,1,68,Yes
720,67,Female,114006,4,7,26,No
721,45,Male,148496,4,6,77,Yes
722,37,Female,77134,7,8,68,Yes
723,45,Male,40491,8,1,122,Yes
724,25,Male,21341,17,3,72,Yes
725,58,Male,64623,5,5,81,Yes
726,56,Female,110327,7,2,36,No
727,18,Male,20338,4,7,190,Yes
728,20,Male,91431,6,2,44,Yes
729,30,Male,32254,7,1,150,No
730,45,Male,71860,18,2,48,Yes
731,66,Female,31344,5,5,136,No
732,42,Male,21750,3,1,179,No
733,50,Male,74756,7,7,45,No
734,55,Female,87957,14,0,143,No
735,23,Male,125423,7,6,163,No
736,61,Male,78053,5,1,44,No
737,62,Male,90855,5,9,73,No
738,49,Male,35896,2,5,175,Yes
739,62,Female,75761,6,1,92,No
740,64,Male,82552,15,1,139,No
741,38,Male,140075,10,9,75,Yes
742,33,Female,97454,7,7,84,Yes
743,38,Female,146522,5,1,112,No
744,28,Male,138681,1,6,105,Yes
745,54,Male,110600,13,2,99,Yes
746,53,Male,142732,18,7,188,No
747,52,Male,132153,13,6,127,No
748,36,Male,142926,18,7,198,Yes
749,37,Male,47935,5,6,137,Yes
750,35,Female,57641,13,5,176,Yes
751,64,Male,49711,4,6,102,No
752,58,Female,90342,17,4,166,No
753,66,Female,126896,3,6,188,No
754,31,Male,32182,17,0,192,No
755,32,Female,107833,11,0,34,No
756,48,Female,76276,4,8,150,No
757,18,Female,39541,2,4,158,No
758,20,Male,114457,16,4,193,Yes
759,33,Male,102310,18,2,49,Yes
760,40,Female,64813,8,4,76,Yes
761,28,Female,57198,3,2,165,No
762,29,Female,28820,9,8,198,No
763,27,Male,44070,6,8,147,No
764,49,Male,89768,10,5,67,No
765,33,Female,31122,10,0,155,Yes
766,25,Male,100559,13,6,41,Yes
767,55,Male,93543,17,6,25,No
768,29,Female,103441,9,9,123,Yes
769,41,Female,61786,17,9,55,Yes
770,45,Male,114934,9,3,98,Yes
771,25,Male,119804,9,7,135,Yes
772,45,Male,26737,1,5,76,No
773,53,Female,56062,2,3,68,Yes
774,43,Male,74237,16,3,192,Yes
775,25,Male,71571,1,1,101,No
776,67,Male,45510,10,1,85,Yes
777,45,Female,39426,18,3,96,No
778,45,Female,57265,8,4,64,Yes
779,54,Male,37850,11,7,98,No
780,58,Female,138249,2,5,39,Yes
781,53,Female,86150,8,3,142,Yes
782,44,Male,107312,8,6,86,No
783,34,Male,109613,17,7,102,Yes
784,26,Male,94910,15,1,22,No
785,50,Male,72375,17,6,83,Yes
786,37,Male,141826,13,1,59,Yes
787,30,Female,55435,19,1,78,Yes
788,45,Male,116443,5,7,81,Yes
789,65,Female,77132,12,1,151,Yes
790,46,Female,98945,1,8,79,Yes
791,30,Female,102050,5,0,135,Yes
792,63,Male,149828,8,8,94,Yes
793,52,Female,115402,13,0,141,Yes
794,23,Female,22983,8,9,126,Yes
795,35,Male,117241,11,9,115,Yes
796,68,Male,40662,1,1,110,No
797,22,Female,43510,13,5,177,Yes
798,64,Female,98187,19,5,149,No
799,42,Female,60998,3,0,81,No
800,19,Female,76846,17,6,68,No
801,27,Female,114071,5,7,156,No
802,47,Male,26640,8,1,111,No
803,67,Male,64547,14,7,178,No
804,62,Male,74620,4,8,143,Yes
805,22,Female,35317,11,5,80,Yes
806,50,Male,135608,15,4,67,Yes
807,18,Male,27564,19,8,172,Yes
808,35,Male,47345,7,8,183,No
809,49,Female,133824,19,0,155,No
810,64,Male,114223,19,2,77,No
811,66,Male,143372,11,8,120,Yes
812,28,Female,99273,5,1,131,No
813,38,Male,94859,5,3,192,No
814,43,Female,100765,8,3,81,No
815,42,Female,130017,10,1,58,No
816,39,Female,94038,6,2,77,Yes
817,44,Female,143618,15,2,118,Yes
818,66,Male,72393,16,0,63,Yes
819,30,Male,86081,17,5,48,No
820,50,Male,145341,8,7,78,No
821,51,Female,122650,8,2,90,Yes
822,58,Male,49430,9,4,111,No
823,52,Female,95532,2,0,28,Yes
824,18,Female,47788,15,9,146,No
825,38,Male,115505,18,6,153,No
826,65,Female,68543,3,9,176,Yes
827,23,Male,33919,17,0,164,Yes
828,45,Female,89346,4,8,163,Yes
829,34,Female,116122,4,7,150,No
830,22,Female,59974,14,6,40,No
831,48,Male,127309,9,9,83,No
832,22,Male,36371,9,6,109,Yes
833,55,Male,65084,18,4,55,Yes
834,20,Female,49629,10,4,81,Yes
835,40,Male,71184,4,4,189,Yes
836,54,Female,81916,12,0,95,No
837,54,Male,147293,8,7,189,No
838,27,Female,93972,2,0,32,Yes
839,27,Female,82187,13,3,30,No
840,36,Female,32984,16,8,73,Yes
841,34,Female,53039,2,8,35,Yes
842,38,Male,105431,11,4,27,Yes
843,31,Male,103691,10,3,123,No
844,26,Male,78606,15,2,78,No
845,63,Female,30616,17,2,76,No
846,18,Male,122665,8,4,59,Yes
847,68,Female,125373,18,9,149,Yes
848,62,Female,70072,9,0,113,Yes
849,30,Female,44574,8,4,157,No
850,21,Female,23430,14,5,63,No
851,18,Female,139123,18,6,158,No
852,66,Female,32676,12,8,99,Yes
853,57,Male,30816,19,2,100,Yes
854,49,Male,52733,14,1,21,No
855,51,Female,105680,17,2,197,Yes
856,45,Female,22050,3,8,159,No
857,48,Male,129996,7,6,134,Yes
858,25,Female,53933,17,8,109,Yes
859,56,Male,44951,12,1,42,No
860,43,Male,52413,9,4,165,No
861,51,Female,54801,15,3,81,Yes
862,20,Male,75619,18,1,132,No
863,67,Male,52913,13,8,147,No
864,29,Female,132573,8,8,81,Yes
865,18,Male,139076,14,5,57,No
866,61,Male,60600,8,5,185,Yes
867,22,Male,77775,14,7,80,Yes
868,47,Female,110816,7,5,148,No
869,47,Male,149972,12,0,192,Yes
870,34,Male,110093,11,3,175,No
871,65,Female,132590,11,6,168,Yes
872,64,Female,55400,13,1,141,Yes
873,40,Female,24494,18,8,129,Yes
874,32,Female,100688,2,7,32,Yes
875,54,Female,142744,15,7,174,Yes
876,38,Male,109431,18,6,119,Yes
877,31,Female,94691,15,3,154,No
878,19,Female,117419,19,1,41,No
879,28,Female,128730,12,2,93,Yes
880,68,Male,63001,13,5,151,No
881,56,Male,87364,11,4,42,Yes
882,55,Female,144988,5,7,138,No
883,51,Male,65028,1,5,89,No
884,55,Male,127434,3,5,103,No
885,67,Male,117659,19,0,120,Yes
886,51,Female,57573,7,3,103,No
887,35,Female,20806,12,4,180,No
888,47,Female,144343,15,2,47,No
889,32,Female,76638,5,8,155,Yes
890,44,Female,148301,15,0,20,No
891,68,Female,146295,8,5,184,No
892,51,Male,126506,10,5,82,Yes
893,69,Male,49757,16,9,41,No
894,55,Male,54636,8,4,89,No
895,50,Male,100097,1,4,144,Yes
896,41,Male,68280,12,9,168,Yes
897,32,Female,44262,5,4,115,No
898,47,Female,100435,3,5,182,No
899,59,Female,82211,1,7,98,Yes
900,68,Female,74842,4,1,24,Yes
901,34,Male,148583,8,5,79,Yes
902,22,Male,76979,3,0,139,Yes
903,46,Male,134524,10,3,65,Yes
904,21,Female,101470,2,9,197,Yes
905,27,Female,58197,11,2,195,No
906,34,Female,61844,10,8,153,Yes
907,27,Male,84754,14,2,75,Yes
908,34,Male,121868,7,5,129,No
909,37,Female,54157,2,0,176,Yes
910,41,Male,97129,9,5,123,No
911,22,Male,60042,16,3,96,Yes
912,51,Male,81665,13,7,165,Yes
913,23,Female,135512,9,8,21,No
914,19,Female,136953,4,3,27,No
915,30,Male,102856,10,9,94,Yes
916,60,Female,47376,12,9,144,Yes
917,60,Female,129049,17,5,57,No
918,65,Male,75554,14,0,195,No
919,28,Male,34199,14,3,46,No
920,68,Female,138533,2,6,39,No
921,64,Male,101412,11,0,159,Yes
922,40,Male,70948,16,7,62,Yes
923,33,Male,93781,19,9,50,No
924,48,Female,92750,6,5,110,Yes
925,28,Male,86262,19,4,80,Yes
926,33,Female,137424,5,9,128,Yes
927,25,Male,66600,4,8,110,Yes
928,21,Female,96898,15,1,182,Yes
929,57,Female,82483,4,4,114,Yes
930,21,Male,38297,10,5,162,Yes
931,42,Female,50448,3,6,163,Yes
932,20,Female,46172,5,4,32,Yes
933,49,Female,62874,6,8,132,Yes
934,20,Male,27657,8,0,54,No
935,44,Male,104386,7,6,168,Yes
936,46,Female,145617,10,9,177,No
937,49,Female,45425,6,6,67,Yes
938,67,Male,46685,14,3,54,No
939,68,Male,142000,4,8,105,No
940,36,Male,132855,13,4,185,No
941,38,Female,44578,17,3,178,No
942,22,Female,48831,7,6,171,Yes
943,35,Female,27906,4,3,133,No
944,45,Male,81413,14,2,196,Yes
945,59,Male,74028,3,8,119,Yes
946,39,Female,27287,5,7,179,No
947,38,Male,53660,16,0,118,Yes
948,23,Male,95758,4,6,22,Yes
949,18,Female,80504,2,8,104,Yes
950,22,Female,79720,18,7,144,No
951,58,Female,122979,19,7,157,No
952,29,Female,54701,19,5,102,No
953,43,Female,103300,17,3,44,No
954,63,Male,130177,14,7,87,Yes
955,51,Male,37674,19,2,80,Yes
956,66,Male,103560,13,8,48,No
957,31,Male,131543,12,1,146,No
958,43,Male,43874,6,1,38,No
959,62,Male,63642,4,6,190,No
960,44,Female,143867,19,9,93,Yes
961,26,Female,117820,16,3,80,No
962,43,Female,85160,13,9,190,Yes
963,64,Female,37602,4,7,172,No
964,39,Male,123320,17,8,39,No
965,64,Female,108801,1,6,67,Yes
966,47,Male,45931,18,4,106,Yes
967,60,Male,114377,17,7,171,No
968,65,Male,49192,15,3,158,No
969,34,Male,66542,11,1,129,No
970,43,Female,147015,13,5,47,Yes
971,53,Female,62520,1,8,78,Yes
972,18,Female,84772,17,0,152,Yes
973,25,Female,78762,6,9,70,No
974,66,Female,70106,4,6,168,Yes
975,52,Female,101121,16,9,31,No
976,69,Female,45559,15,8,69,No
977,32,Male,125595,15,9,151,No
978,64,Female,53742,6,8,132,Yes
979,39,Male,89669,15,9,189,No
980,31,Male,100199,14,2,185,No
981,43,Female,41754,11,4,172,No
982,45,Female,23972,7,7,33,Yes
983,40,Male,90831,9,7,51,No
984,31,Male,132217,16,3,158,No
985,41,Female,61873,5,0,165,No
986,19,Male,114661,10,0,174,No
987,62,Female,126532,18,3,74,No
988,43,Male,146267,3,5,139,Yes
989,31,Male,29903,13,7,94,Yes
990,68,Male,23020,11,5,40,No
991,24,Female,61755,17,8,191,Yes
992,20,Female,105956,13,8,152,No
993,64,Female,106988,6,1,106,No
994,40,Female,65648,17,9,188,No
995,63,Female,123537,13,0,78,Yes
996,60,Female,145991,19,1,108,Yes
997,64,Male,29516,19,4,169,Yes
998,62,Female,132863,10,3,102,Yes
999,35,Male,135005,3,3,84,No
1000,55,Male,22396,14,8,83,Yes
